down,yardline,yards_to_go,passing_att_mean,passing_att_std,receiving_tds_mean,receiving_tds_std,receiving_yac_yds_mean,receiving_yac_yds_std,passing_yds_mean,passing_yds_std,passing_cmp_mean,passing_cmp_std,passing_tds_mean,passing_tds_std,fantasy_points_mean,fantasy_points_count,fantasy_points_std,rushing_yds_mean,rushing_yds_std,passing_cmp_air_yds_mean,passing_cmp_air_yds_std,passing_int_mean,passing_int_std,rushing_tds_mean,rushing_tds_std,receiving_rec_mean,receiving_rec_std,receiving_yds_mean,receiving_yds_std,rushing_att_mean,rushing_att_std,receiving_tar_mean,receiving_tar_std
1,crap,long,0.87216828479,0.334172808531,0.0,0.0,-0.0129449838188,0.321807194684,6.61165048544,9.56363962004,0.595469255663,0.491198570356,0.00161812297735,0.0402258993355,0.250226537217,618,0.581962488118,0.194174757282,1.6699746352,3.68446601942,7.19123711231,0.0161812297735,0.126274300113,0.0,0.0,0.0,0.0,-0.0129449838188,0.321807194684,0.0954692556634,0.294100044489,0.0,0.0
1,crap,medium,1.0,0.0,0.0,0.0,0.0,0.0,3.5,4.94974746831,0.5,0.707106781187,0.0,0.0,0.14,2,0.197989898732,0.0,0.0,0.5,0.707106781187,0.0,0.0,0.0,0.0,0.0,0.0,0.0,0.0,0.0,0.0,0.0,0.0
1,crap,really_long,0.890243902439,0.314509124128,0.0,0.0,0.0,0.0,6.12195121951,9.02313931286,0.59756097561,0.493407304203,0.0,0.0,0.205853658537,82,0.500542794805,0.0975609756098,0.60061195331,3.30487804878,6.57847035466,0.0243902439024,0.155206732393,0.0,0.0,0.0,0.0,0.0,0.0,0.0365853658537,0.188896859389,0.0,0.0
1,fg,long,0.873720136519,0.33244828684,0.0,0.0,0.0,0.0,5.66723549488,7.53409468827,0.525597269625,0.49977095772,0.0460750853242,0.209826842311,0.41252559727,586,1.13821667542,0.220136518771,1.79676936535,3.37201365188,6.57018661665,0.0119453924915,0.108733047623,0.00170648464164,0.0413096192386,0.0,0.0,0.0,0.0,0.0819112627986,0.274463764319,0.0,0.0
1,fg,medium,0.5,0.707106781187,0.0,0.0,0.0,0.0,6.5,9.19238815543,0.5,0.707106781187,0.0,0.0,0.26,2,0.367695526217,0.0,0.0,3.5,4.94974746831,0.0,0.0,0.0,0.0,0.0,0.0,0.0,0.0,0.0,0.0,0.0,0.0
1,fg,really_long,0.763157894737,0.430851484183,0.0,0.0,0.0,0.0,3.13157894737,4.44285671814,0.473684210526,0.50600940624,0.0,0.0,0.306842105263,38,1.51690493077,1.28947368421,5.17743490041,1.10526315789,3.60772050278,0.0263157894737,0.162221421131,0.0263157894737,0.162221421131,0.0,0.0,0.0,0.0,0.105263157895,0.311011747776,0.0,0.0
1,goaline,long,0.835714285714,0.371865108322,0.0,0.0,0.0,0.0,2.65714285714,3.59009714818,0.464285714286,0.500513610819,0.214285714286,0.411799250626,1.152,140,2.03624255456,0.457142857143,1.84808447817,1.65714285714,3.27794335542,0.0142857142857,0.11909214652,0.0285714285714,0.167196827224,0.0,0.0,0.0,0.0,0.107142857143,0.310405364381,0.0,0.0
1,goaline,medium,0.873873873874,0.333497093271,0.0,0.0,0.0,0.0,1.90990990991,2.48101720176,0.423423423423,0.496342065873,0.306306306306,0.463049041047,1.55027027027,111,2.23842617579,0.144144144144,1.32697089676,1.42342342342,2.26655344902,0.00900900900901,0.0949157995752,0.045045045045,0.208343570592,0.0,0.0,0.0,0.0,0.0900900900901,0.287609253535,0.0,0.0
1,goaline,short,0.815789473684,0.389367298755,0.0,0.0,0.0,0.0,0.649122807018,1.2759341963,0.40350877193,0.492767123473,0.342105263158,0.476509197572,1.93210526316,114,2.41635960874,0.166666666667,0.739728085257,0.368421052632,1.29848896455,0.0175438596491,0.131865857044,0.0964912280702,0.296567330194,0.00877192982456,0.0936585811582,-0.0526315789474,0.561951486949,0.166666666667,0.374323381717,0.00877192982456,0.0936585811582
1,midfield,long,0.885623739556,0.318313560724,0.0,0.0,0.00201670988188,0.118814852494,7.08239700375,10.0421365061,0.566407375396,0.495641842187,0.0132526649381,0.114371326858,0.315707288966,3471,0.808671098063,0.235666954768,1.73896060504,3.91990780755,7.65023844292,0.0187265917603,0.135577292242,0.0,0.0,0.000288101411697,0.0169735503563,0.00201670988188,0.118814852494,0.0700086430424,0.255198346175,0.000576202823394,0.0240007660442
1,midfield,medium,0.787878787879,0.415148750267,0.0,0.0,0.0,0.0,6.54545454545,9.99403231024,0.515151515152,0.507519218923,0.0,0.0,0.246666666667,33,0.585185155884,0.363636363636,2.13333925189,3.24242424242,6.76863309239,0.030303030303,0.174077655956,0.0,0.0,0.030303030303,0.174077655956,0.0909090909091,0.522232967867,0.121212121212,0.33143398264,0.030303030303,0.174077655956
1,midfield,really_long,0.901162790698,0.299314689392,0.0,0.0,0.0,0.0,6.8023255814,10.3656199251,0.616279069767,0.487711079537,0.0116279069767,0.107517010379,0.287209302326,172,0.817509627481,0.151162790698,1.1995851316,3.15697674419,7.04237866344,0.0232558139535,0.151154944403,0.0,0.0,0.0,0.0,0.0,0.0,0.0232558139535,0.151154944403,0.0,0.0
1,redzone,long,0.872881355932,0.333459258664,0.0021186440678,0.0460287308949,0.00635593220339,0.138086192685,4.34533898305,5.74820377109,0.514830508475,0.500310278336,0.108050847458,0.310774003877,0.65156779661,472,1.5648248919,0.21186440678,1.62831472106,2.54237288136,5.09717721773,0.010593220339,0.10248539742,0.00635593220339,0.0795546548417,0.0021186440678,0.0460287308949,0.0317796610169,0.690430963424,0.0805084745763,0.272367453364,0.00423728813559,0.0650253163785
1,redzone,medium,1.0,0.0,0.0,0.0,0.0,0.0,3.42857142857,6.52832655579,0.571428571429,0.534522483825,0.0,0.0,0.137142857143,7,0.261133062232,0.0,0.0,2.42857142857,5.96816953672,0.0,0.0,0.0,0.0,0.0,0.0,0.0,0.0,0.0,0.0,0.0,0.0
1,redzone,really_long,1.0,0.0,0.0,0.0,0.0,0.0,5.54166666667,5.61813187787,0.75,0.442325868465,0.0833333333333,0.282329851287,0.555,24,1.25504546947,0.0,0.0,2.04166666667,5.2043390481,0.0,0.0,0.0,0.0,0.0,0.0,0.0,0.0,0.0,0.0,0.0,0.0
1,touchback,long,0.87074829932,0.335582096017,0.0,0.0,0.00742115027829,0.213862038839,7.37291280148,10.7280784309,0.611626468769,0.487531049016,0.00371057513915,0.060820180855,0.28329004329,1617,0.689688594248,0.188002473717,2.03934796656,4.09276437848,7.62219293174,0.0191713048856,0.137169245636,0.0,0.0,0.00123685837972,0.035158114242,0.00494743351886,0.144965898456,0.0803957946815,0.271989082633,0.00123685837972,0.035158114242
1,touchback,medium,0.666666666667,0.57735026919,0.0,0.0,0.0,0.0,5.66666666667,5.13160143945,0.666666666667,0.57735026919,0.0,0.0,0.36,3,0.0692820323028,1.33333333333,2.30940107676,3.33333333333,3.51188458428,0.0,0.0,0.0,0.0,0.0,0.0,0.0,0.0,0.333333333333,0.57735026919,0.0,0.0
1,touchback,really_long,0.85,0.36008473579,0.0,0.0,0.0,0.0,8.93333333333,13.5094024591,0.6,0.494032181756,0.0,0.0,0.317333333333,60,0.756974053396,0.6,2.15658235586,5.5,11.3697487413,0.0333333333333,0.181020334719,0.0,0.0,0.0,0.0,0.0,0.0,0.1,0.302531690454,0.0,0.0
2,crap,long,0.913621262458,0.281390315066,0.0,0.0,0.0,0.0,6.87375415282,9.80122486526,0.65780730897,0.475233812012,0.00332225913621,0.0576390417704,0.268970099668,301,0.629311212705,0.139534883721,1.32431055633,3.53488372093,6.3279495681,0.0132890365449,0.114700244897,0.0,0.0,0.0,0.0,0.0,0.0,0.0332225913621,0.179515775411,0.0,0.0
2,crap,medium,0.883720930233,0.322439402466,0.0,0.0,0.0,0.0,6.41860465116,8.84436027185,0.558139534884,0.499520974365,0.0,0.0,0.223023255814,86,0.557722405687,0.360465116279,1.64433280371,3.16279069767,5.18563732566,0.0348837209302,0.184561446398,0.0,0.0,0.0,0.0,0.0,0.0,0.093023255814,0.292168644964,0.0,0.0
2,crap,really_long,0.863636363636,0.34395690309,0.0,0.0,0.0,0.0,6.13181818182,9.63895664808,0.604545454545,0.490063151952,0.00454545454545,0.0674199862463,0.250727272727,220,0.704843917553,0.418181818182,2.12565034123,3.06818181818,6.97352372971,0.0227272727273,0.149372563488,0.0,0.0,0.0,0.0,0.0,0.0,0.0863636363636,0.281540859011,0.0,0.0
2,crap,short,0.925925925926,0.266880256342,0.0,0.0,0.0,0.0,9.48148148148,13.9073040311,0.62962962963,0.492102877623,0.0,0.0,0.305185185185,27,0.718301256547,0.0,0.0,6.92592592593,12.2691794156,0.037037037037,0.19245008973,0.0,0.0,0.0,0.0,0.0,0.0,0.0,0.0,0.0,0.0
2,fg,long,0.901360544218,0.29868572056,0.0,0.0,0.0,0.0,5.40476190476,7.19661309544,0.544217687075,0.498890133616,0.0578231292517,0.233806655653,0.435918367347,294,1.23112853974,0.56462585034,2.48701207082,3.10544217687,5.94850808511,0.0272108843537,0.162974829242,0.0,0.0,0.0,0.0,0.0,0.0,0.0714285714286,0.25797848946,0.0,0.0
2,fg,medium,0.910891089109,0.286321843421,0.0,0.0,0.0,0.0,6.48514851485,7.62576404223,0.584158415842,0.495324675999,0.0594059405941,0.237561873129,0.482178217822,101,1.20734717787,0.247524752475,1.53886932905,3.58415841584,6.01874958232,0.019801980198,0.140014143557,0.0,0.0,0.0,0.0,0.0,0.0,0.049504950495,0.218001725854,0.0,0.0
2,fg,really_long,0.848214285714,0.360425709969,0.0,0.0,0.0,0.0,6.49107142857,8.16165008899,0.5625,0.49830794777,0.0625,0.24314938129,0.480178571429,112,1.2362643396,0.0625,1.63454404475,3.58035714286,7.19188530816,0.0,0.0,0.0,0.0,0.0,0.0,0.0,0.0,0.133928571429,0.342106240131,0.0,0.0
2,fg,short,0.94,0.239897937482,0.0,0.0,0.0,0.0,4.44,7.25950467754,0.5,0.505076272276,0.06,0.239897937482,0.3136,50,1.31484112488,0.16,0.680935730732,2.02,5.37374570083,0.06,0.239897937482,0.0,0.0,0.0,0.0,0.0,0.0,0.06,0.239897937482,0.0,0.0
2,goaline,long,0.894736842105,0.308247144052,0.0,0.0,0.0,0.0,3.19298245614,4.00856868279,0.526315789474,0.501511455604,0.236842105263,0.427021617221,1.19175438596,114,1.98343371058,0.289473684211,1.40620423126,1.89473684211,3.65156875259,0.00877192982456,0.0936585811582,0.0175438596491,0.131865857044,0.0,0.0,0.0,0.0,0.0701754385965,0.256570238985,0.0,0.0
2,goaline,medium,0.824675324675,0.381485176185,0.0,0.0,0.0,0.0,2.0,2.87654476828,0.428571428571,0.496486253022,0.318181818182,0.467290136105,1.50662337662,154,2.22653992265,0.24025974026,1.18848062946,1.37012987013,2.6787747143,0.025974025974,0.159576725581,0.0324675324675,0.177816501173,0.0,0.0,0.0,0.0,0.136363636364,0.344293950601,0.0,0.0
2,goaline,short,0.86524822695,0.342675568266,0.0,0.0,0.0,0.0,0.843971631206,1.45053530977,0.418439716312,0.495061733074,0.326241134752,0.470508143253,1.69333333333,141,2.25678616832,0.0,0.746420027292,0.539007092199,1.38624740369,0.00709219858156,0.0842151921067,0.063829787234,0.245320954712,0.0,0.0,0.0,0.0,0.120567375887,0.326784710802,0.0,0.0
2,midfield,long,0.905602923264,0.292469421732,0.0,0.0,0.0,0.0,6.88855054811,9.48948565815,0.589524969549,0.492069854707,0.0158343483557,0.124872407624,0.311352009744,1642,0.843069317183,0.236297198538,1.56132349968,3.76248477467,7.18347386771,0.0188794153471,0.136140628184,0.0,0.0,0.0,0.0,0.0,0.0,0.0432399512789,0.203458763112,0.0,0.0
2,midfield,medium,0.900306748466,0.299820577811,0.0,0.0,0.0,0.0,6.9018404908,9.64052170091,0.621165644172,0.485469215931,0.00460122699387,0.0677280674451,0.303680981595,652,0.591582487654,0.306748466258,1.72656585657,3.78987730061,7.34305456666,0.00920245398773,0.0955603192629,0.0,0.0,0.0,0.0,0.0,0.0,0.0567484662577,0.231538986404,0.0,0.0
2,midfield,really_long,0.831562974203,0.37453819617,0.0,0.0,0.0,0.0,6.12746585736,8.7170389053,0.552352048558,0.497629417305,0.00606980273141,0.0777311318506,0.241608497724,659,0.643848958803,0.147192716237,1.3940398023,3.11077389985,6.74445776133,0.0121396054628,0.109592247554,0.0,0.0,0.0,0.0,0.0,0.0,0.1062215478,0.308355013035,0.0,0.0
2,midfield,short,0.886297376093,0.317913508722,0.0,0.0,0.0,0.0,6.22448979592,9.32670727919,0.565597667638,0.496402415509,0.00874635568513,0.0932480959927,0.252478134111,343,0.771490911716,0.326530612245,1.99665551605,3.39941690962,6.86764596223,0.0233236151603,0.151149698062,0.0,0.0,0.0,0.0,0.0,0.0,0.064139941691,0.245359989034,0.0,0.0
2,redzone,long,0.881294964029,0.324024410839,0.0,0.0,0.0,0.0,4.41726618705,5.744750271,0.535971223022,0.499603769968,0.111510791367,0.315331270813,0.686762589928,278,1.63564633702,0.424460431655,2.20101196701,2.30215827338,4.83915240998,0.0143884892086,0.119300700734,0.0107913669065,0.103505801286,0.0,0.0,0.0,0.0,0.0755395683453,0.264736563185,0.0,0.0
2,redzone,medium,0.862385321101,0.346086317328,0.00917431192661,0.0957826285221,0.045871559633,0.478913142611,4.97247706422,6.18459662985,0.56880733945,0.49753042857,0.155963302752,0.364496403645,0.922752293578,109,1.93673353851,0.266055045872,1.73013702002,2.53211009174,5.17931928771,0.00917431192661,0.0957826285221,0.00917431192661,0.0957826285221,0.00917431192661,0.0957826285221,0.183486238532,1.91565257044,0.0642201834862,0.246277070623,0.00917431192661,0.0957826285221
2,redzone,really_long,0.878260869565,0.328415282861,0.0,0.0,0.0,0.0,4.46086956522,5.37585073891,0.591304347826,0.4937442369,0.0521739130435,0.223350808201,0.354956521739,115,1.05744426581,0.0260869565217,0.873196081004,1.78260869565,4.29969931363,0.00869565217391,0.093250480824,0.0,0.0,0.0,0.0,0.0,0.0,0.0608695652174,0.24013726052,0.0,0.0
2,redzone,short,0.884615384615,0.325812593608,0.0,0.0,0.0,0.0,3.73076923077,5.42260227055,0.461538461538,0.508391127442,0.0769230769231,0.271746488195,0.391538461538,26,1.33774943037,0.115384615385,0.588348405415,1.76923076923,4.49272916885,0.0384615384615,0.196116135138,0.0,0.0,0.0,0.0,0.0,0.0,0.0384615384615,0.196116135138,0.0,0.0
2,touchback,long,0.882005899705,0.322839305382,0.0,0.0,0.00442477876106,0.115214305896,6.81710914454,10.1871208937,0.598820058997,0.490499182092,0.00442477876106,0.0664206822948,0.290383480826,678,0.659804926517,0.32005899705,1.85339609943,3.4587020649,6.67988709979,0.0147492625369,0.120636589261,0.0,0.0,0.00147492625369,0.0384047686321,0.00442477876106,0.115214305896,0.0530973451327,0.224393143783,0.00147492625369,0.0384047686321
2,touchback,medium,0.914438502674,0.280466355512,0.0,0.0,0.0,0.0,8.04278074866,12.2011937002,0.609625668449,0.489143830667,0.0106951871658,0.103139159195,0.293903743316,187,0.949036439094,0.256684491979,1.38672497367,3.88770053476,6.5314136325,0.0427807486631,0.202905693581,0.0,0.0,0.0,0.0,0.0,0.0,0.048128342246,0.214611989461,0.0,0.0
2,touchback,really_long,0.881516587678,0.323948222582,0.0,0.0,0.0,0.0,6.51658767773,9.9553029523,0.587677725118,0.493423232246,0.00473933649289,0.0688428390822,0.280568720379,211,0.63353555075,0.199052132701,1.52071382115,2.8672985782,6.40397360282,0.00947867298578,0.0971263941869,0.0,0.0,0.0,0.0,0.0,0.0,0.0663507109005,0.249486043578,0.0,0.0
2,touchback,short,0.914285714286,0.28196295074,0.0,0.0,0.0,0.0,6.27142857143,10.3432697835,0.628571428571,0.486675458669,0.0142857142857,0.119522860933,0.243714285714,70,0.966003527807,0.214285714286,0.94627962811,2.94285714286,6.68740047042,0.0285714285714,0.167801519351,0.0,0.0,0.0,0.0,0.0,0.0,0.0714285714286,0.259398891052,0.0,0.0
3,crap,long,0.826086956522,0.380217329157,0.0,0.0,0.0,0.0,6.44720496894,9.92843178775,0.478260869565,0.501085777609,0.0,0.0,0.223105590062,161,0.574066890729,0.273291925466,1.71021774067,3.85714285714,7.47818255231,0.0124223602484,0.111106797708,0.0,0.0,0.0,0.0,0.0,0.0,0.0310559006211,0.174010066104,0.0,0.0
3,crap,medium,0.846153846154,0.362800126273,0.0,0.0,0.0,0.0,7.41758241758,17.0235561855,0.461538461538,0.501280411828,0.032967032967,0.179539500485,0.362637362637,91,1.44497353699,0.21978021978,1.69182477292,3.68131868132,6.99504446953,0.032967032967,0.179539500485,0.0,0.0,0.0,0.0,0.0,0.0,0.032967032967,0.179539500485,0.0,0.0
3,crap,really_long,0.876470588235,0.330015979109,0.0,0.0,0.0,0.0,6.51764705882,9.85409747437,0.564705882353,0.497260157727,0.00588235294118,0.0766964988847,0.285411764706,170,0.769780654136,0.6,3.10449187831,2.55294117647,6.92735915828,0.0176470588235,0.132053844665,0.0,0.0,0.0,0.0,0.0,0.0,0.0588235294118,0.235989227338,0.0,0.0
3,crap,short,0.833333333333,0.376177396932,0.0,0.0,0.0,0.0,4.92592592593,7.49805472094,0.574074074074,0.499125720611,0.0,0.0,0.250740740741,54,0.327338333146,0.537037037037,1.96874601372,2.51851851852,4.38152528254,0.0,0.0,0.0,0.0,0.0,0.0,0.0,0.0,0.0925925925926,0.292582419836,0.0,0.0
3,fg,long,0.858024691358,0.350107063494,0.0,0.0,0.0,0.0,6.02469135802,8.09029064368,0.506172839506,0.501512167762,0.0493827160494,0.217337620854,0.42,162,1.15310006138,0.308641975309,1.58910870216,4.29012345679,7.17369426625,0.0185185185185,0.135234887548,0.0,0.0,0.0,0.0,0.0,0.0,0.0617283950617,0.241407828036,0.0,0.0
3,fg,medium,0.8984375,0.303259036645,0.0,0.0,0.0,0.0,5.5859375,7.2313048057,0.5234375,0.501412866014,0.0390625,0.194504974331,0.3421875,128,1.03622645011,0.09375,0.75750834823,3.5390625,6.07939898572,0.0234375,0.151882867736,0.0,0.0,0.0,0.0,0.0,0.0,0.015625,0.124506901431,0.0,0.0
3,fg,really_long,0.85,0.358870281283,0.0,0.0,0.0,0.0,5.45,7.02143183763,0.56,0.49888765157,0.02,0.140705294136,0.231,100,0.80863708757,-0.07,0.256432399976,2.36,5.81103095914,0.03,0.171446607998,0.0,0.0,0.0,0.0,0.0,0.0,0.07,0.256432399976,0.0,0.0
3,fg,short,0.876288659794,0.330962358093,0.0,0.0,0.0,0.0,6.10309278351,7.65871580848,0.556701030928,0.499355254406,0.0412371134021,0.199871092478,0.400824742268,97,1.04196496073,0.329896907216,1.13396106529,4.23711340206,6.80651219403,0.020618556701,0.142841800845,0.0,0.0,0.0,0.0,0.0,0.0,0.103092783505,0.305659671942,0.0,0.0
3,goaline,long,0.809523809524,0.395035166231,0.0,0.0,0.0,0.0,2.86904761905,3.86139297515,0.404761904762,0.493793957788,0.238095238095,0.428475797324,1.20047619048,84,2.09166556379,0.380952380952,1.76242413768,2.28571428571,3.46261071702,0.0238095238095,0.153370994901,0.0238095238095,0.153370994901,0.0,0.0,0.0,0.0,0.0714285714286,0.25908617377,0.0,0.0
3,goaline,medium,0.813793103448,0.390622844822,0.0,0.0,0.0,0.0,2.2275862069,2.91724953125,0.441379310345,0.498272879122,0.324137931034,0.469674216593,1.3835862069,145,2.17675046925,0.11724137931,1.03751471392,1.84137931034,2.84964876507,0.0344827586207,0.183098072668,0.0137931034483,0.117035541643,0.0,0.0,0.0,0.0,0.0827586206897,0.276472026811,0.0,0.0
3,goaline,short,0.876543209877,0.329980840753,0.0,0.0,0.0,0.0,1.50617283951,2.33591168466,0.487654320988,0.50139747961,0.33950617284,0.475010039082,1.50037037037,162,2.15568521449,0.0802469135802,0.610247837462,1.01234567901,2.02465441978,0.0246913580247,0.155663966955,0.0246913580247,0.155663966955,0.0,0.0,0.0,0.0,0.0802469135802,0.272517480475,0.0,0.0
3,midfield,long,0.858944954128,0.348278082405,0.0,0.0,0.0,0.0,6.72935779817,10.0182456075,0.508027522936,0.500222461807,0.0149082568807,0.121255357975,0.322270642202,872,0.854336613704,0.393348623853,2.02569074328,4.19266055046,7.22824802369,0.0172018348624,0.130097430932,0.0,0.0,0.0,0.0,0.0,0.0,0.052752293578,0.223666849023,0.0,0.0
3,midfield,medium,0.864516129032,0.342460683627,0.0,0.0,-0.00516129032258,0.143684241621,6.46580645161,9.41265050331,0.518709677419,0.499972492367,0.00774193548387,0.0877036087099,0.27024516129,775,0.703744005,0.265806451613,1.71678289325,3.69806451613,6.65282935058,0.0129032258065,0.112930015041,0.0,0.0,0.00129032258065,0.0359210604054,-0.0206451612903,0.574736966486,0.0438709677419,0.204940235496,0.00129032258065,0.0359210604054
3,midfield,really_long,0.850267379679,0.357127577977,0.0,0.0,0.0,0.0,7.46702317291,10.8760582349,0.545454545455,0.498373979434,0.0196078431373,0.138772126456,0.336827094474,561,0.978689678152,0.238859180036,2.00712697561,4.13368983957,8.76915996771,0.030303030303,0.171572810892,0.0,0.0,0.0,0.0,0.0,0.0,0.0730837789661,0.26050625528,0.0,0.0
3,midfield,short,0.831730769231,0.374405319312,0.0,0.0,0.0,0.0,6.23557692308,9.92058111618,0.533653846154,0.499266346553,0.0160256410256,0.125674702954,0.315608974359,624,0.893832235463,0.501602564103,2.84540078264,3.32371794872,6.39429533255,0.0160256410256,0.125674702954,0.0,0.0,0.0,0.0,0.0,0.0,0.108974358974,0.311857026729,0.0,0.0
3,redzone,long,0.851851851852,0.35634832255,0.0,0.0,0.0,0.0,4.08024691358,5.77742274749,0.432098765432,0.496903995,0.0925925925926,0.290759458663,0.419382716049,162,1.46637411077,0.216049382716,1.46477961712,2.65432098765,4.81498822926,0.037037037037,0.189438165361,0.0,0.0,0.0,0.0,0.0,0.0,0.0432098765432,0.203959727851,0.0,0.0
3,redzone,medium,0.870503597122,0.336962827996,0.0,0.0,0.0,0.0,4.12230215827,5.62533146419,0.446043165468,0.498877898432,0.0935251798561,0.292220046405,0.544028776978,139,1.54745453419,0.338129496403,2.04851999185,3.09352517986,5.11164071668,0.0215827338129,0.145842176922,0.00719424460432,0.084818892968,0.0,0.0,0.0,0.0,0.0503597122302,0.219477013659,0.00719424460432,0.084818892968
3,redzone,really_long,0.869565217391,0.338626550576,0.0,0.0,0.0,0.0,3.53260869565,5.22767590022,0.380434782609,0.488153986342,0.054347826087,0.227944972865,0.330434782609,92,1.10697480345,0.369565217391,1.85589284993,2.27173913043,4.91935683474,0.0217391304348,0.146629597597,0.0,0.0,0.0,0.0,0.0,0.0,0.0978260869565,0.298707200114,0.0,0.0
3,redzone,short,0.876543209877,0.331010424661,0.0,0.0,0.0,0.0,3.87654320988,5.50086974044,0.456790123457,0.501233047495,0.0987654320988,0.300205690802,0.516790123457,81,1.42363076951,0.16049382716,0.90078840639,2.11111111111,4.75920161372,0.0246913580247,0.15614965914,0.0,0.0,0.0,0.0,0.0,0.0,0.0740740740741,0.263523138347,0.0,0.0
3,touchback,long,0.832911392405,0.37352808217,0.0,0.0,0.0,0.0,6.56455696203,11.4069957827,0.443037974684,0.497374718124,0.00759493670886,0.0869274624652,0.221063291139,395,0.865701724429,0.243037974684,1.59684679331,3.80506329114,7.33117774927,0.0430379746835,0.20319999919,0.0,0.0,0.0,0.0,0.0,0.0,0.0303797468354,0.171847552542,0.0,0.0
3,touchback,medium,0.873913043478,0.332671325404,0.0,0.0,0.0,0.0,5.97826086957,9.63501875877,0.478260869565,0.500616669273,0.00434782608696,0.0659380473396,0.225652173913,230,0.706998860965,0.386956521739,1.86271257052,3.6652173913,6.84233601774,0.0347826086957,0.183628387917,0.0,0.0,0.0,0.0,0.0,0.0,0.0521739130435,0.222862609129,0.0,0.0
3,touchback,really_long,0.858757062147,0.349259985164,0.0,0.0,0.0,0.0,7.68361581921,11.0067857391,0.564971751412,0.497167116011,0.0,0.0,0.274011299435,177,0.626569175502,0.344632768362,2.04213764051,4.5197740113,9.30547883305,0.0169491525424,0.129447087786,0.0,0.0,0.0,0.0,0.0,0.0,0.0508474576271,0.220309349673,0.0,0.0
3,touchback,short,0.820754716981,0.385379709138,0.0,0.0,0.0471698113208,0.485642931179,6.95283018868,12.309022688,0.518867924528,0.502017493064,0.00943396226415,0.0971285862357,0.300754716981,106,0.864609681398,0.424528301887,1.34481801359,2.87735849057,5.761452909,0.0188679245283,0.136704901189,0.0,0.0,0.00943396226415,0.0971285862357,-0.00943396226415,0.0971285862357,0.132075471698,0.340181231758,0.00943396226415,0.0971285862357
4,crap,long,1.0,,0.0,,0.0,,0.0,,0.0,,0.0,,0.0,1,,0.0,,0.0,,0.0,,0.0,,0.0,,0.0,,0.0,,0.0,
4,crap,really_long,1.0,0.0,0.0,0.0,0.0,0.0,5.66666666667,8.14043405886,0.5,0.547722557505,0.0,0.0,-0.773333333333,6,1.3601568537,0.0,0.0,4.5,6.97853852895,0.5,0.547722557505,0.0,0.0,0.0,0.0,0.0,0.0,0.0,0.0,0.0,0.0
4,fg,long,0.714285714286,0.487950036474,0.0,0.0,0.0,0.0,3.71428571429,9.82707629824,0.142857142857,0.377964473009,0.0,0.0,-0.0657142857143,7,0.939979736357,0.714285714286,1.88982236505,3.28571428571,8.69318287921,0.142857142857,0.377964473009,0.0,0.0,0.0,0.0,0.0,0.0,0.142857142857,0.377964473009,0.0,0.0
4,fg,medium,0.909090909091,0.301511344578,0.0,0.0,0.0,0.0,8.90909090909,8.91576744262,0.636363636364,0.50452497911,0.0909090909091,0.301511344578,1.28363636364,11,2.82460359246,2.0,6.63324958071,6.54545454545,7.81490417553,0.0909090909091,0.301511344578,0.0909090909091,0.301511344578,0.0,0.0,0.0,0.0,0.0909090909091,0.301511344578,0.0,0.0
4,fg,really_long,0.666666666667,0.57735026919,0.0,0.0,0.0,0.0,6.66666666667,11.5470053838,0.333333333333,0.57735026919,0.0,0.0,0.266666666667,3,0.461880215352,0.0,0.0,0.0,0.0,0.0,0.0,0.0,0.0,0.0,0.0,0.0,0.0,0.0,0.0,0.0,0.0
4,fg,short,0.681818181818,0.476731294623,0.0,0.0,0.0,0.0,8.77272727273,10.9236825213,0.5,0.511766315719,0.136363636364,0.351250086657,1.31909090909,22,2.33491492471,1.5,5.77144035831,5.5,9.34395653936,0.0,0.0,0.0454545454545,0.213200716356,0.0,0.0,0.0,0.0,0.227272727273,0.428932027229,0.0,0.0
4,goaline,long,1.0,0.0,0.0,0.0,0.0,0.0,5.66666666667,5.13160143945,0.666666666667,0.57735026919,0.666666666667,0.57735026919,2.89333333333,3,2.50641842742,0.0,0.0,5.66666666667,5.13160143945,0.0,0.0,0.0,0.0,0.0,0.0,0.0,0.0,0.0,0.0,0.0,0.0
4,goaline,medium,1.0,0.0,0.0,0.0,0.0,0.0,4.33333333333,4.50924975282,0.666666666667,0.57735026919,0.666666666667,0.57735026919,2.84,3,2.46154423076,0.0,0.0,4.33333333333,4.50924975282,0.0,0.0,0.0,0.0,0.0,0.0,0.0,0.0,0.0,0.0,0.0,0.0
4,goaline,short,0.666666666667,0.477566932941,0.0,0.0,0.0,0.0,1.0,1.58943882848,0.358974358974,0.485970514981,0.307692307692,0.46757190012,2.05538461538,39,2.42658721378,0.153846153846,0.365517768195,0.717948717949,1.43175854236,0.0,0.0,0.128205128205,0.338688428429,0.0,0.0,0.0,0.0,0.153846153846,0.365517768195,0.0,0.0
4,midfield,long,0.833333333333,0.379049021789,0.0,0.0,0.0,0.0,3.23333333333,7.16159938471,0.266666666667,0.449776445109,0.0,0.0,0.0126666666667,30,0.796691145683,0.833333333333,3.38437926192,2.26666666667,5.07823844922,0.0666666666667,0.253708131702,0.0,0.0,0.0,0.0,0.0,0.0,0.0666666666667,0.253708131702,0.0,0.0
4,midfield,medium,0.882352941176,0.325395686728,0.0,0.0,0.0,0.0,5.98039215686,8.6936533082,0.509803921569,0.504878164297,0.0,0.0,0.2,51,0.467435557056,0.0,0.0,4.72549019608,7.51818709896,0.0196078431373,0.140028008403,0.0,0.0,0.0,0.0,0.0,0.0,0.0,0.0,0.0,0.0
4,midfield,really_long,0.789473684211,0.418853908292,0.0,0.0,0.0,0.0,5.21052631579,15.7359423944,0.210526315789,0.418853908292,0.0,0.0,-0.0705263157895,19,1.06333580817,0.368421052632,1.60591013709,3.05263157895,10.1569553849,0.157894736842,0.374634324633,0.0,0.0,0.0,0.0,0.0,0.0,0.0526315789474,0.229415733871,0.0,0.0
4,midfield,short,0.727272727273,0.447628258172,0.0,0.0,0.0,0.0,5.39393939394,9.80921909332,0.484848484848,0.502313755995,0.020202020202,0.14140677897,0.268282828283,99,0.969590740935,0.323232323232,1.11417840901,2.25252525253,3.873888081,0.030303030303,0.172292196902,0.0,0.0,0.0,0.0,0.0,0.0,0.151515151515,0.360374985078,0.0,0.0
4,redzone,long,1.0,0.0,0.0,0.0,0.0,0.0,2.75,5.5,0.25,0.5,0.0,0.0,0.11,4,0.22,0.0,0.0,2.5,5.0,0.0,0.0,0.0,0.0,0.0,0.0,0.0,0.0,0.0,0.0,0.0,0.0
4,redzone,medium,0.9,0.316227766017,0.0,0.0,0.0,0.0,5.6,6.25744001614,0.5,0.527046276695,0.1,0.316227766017,0.474,10,1.60654356375,0.5,1.58113883008,5.2,6.14274639989,0.1,0.316227766017,0.0,0.0,0.0,0.0,0.0,0.0,0.1,0.316227766017,0.0,0.0
4,redzone,really_long,1.0,0.0,0.0,0.0,0.0,0.0,5.4,7.40270220933,0.4,0.547722557505,0.2,0.4472135955,1.016,5,1.9939107302,0.0,0.0,5.4,7.40270220933,0.0,0.0,0.0,0.0,0.0,0.0,0.0,0.0,0.0,0.0,0.0,0.0
4,redzone,short,0.8125,0.403112887415,0.0,0.0,0.0,0.0,4.625,5.98748695197,0.5625,0.512347538298,0.0625,0.25,0.45375,16,1.13383640795,0.1875,0.543905629069,2.6875,3.80733940349,0.0,0.0,0.0,0.0,0.0,0.0,0.0,0.0,0.125,0.341565025532,0.0,0.0
4,touchback,long,0.9,0.316227766017,0.0,0.0,0.0,0.0,3.6,4.71875689845,0.4,0.516397779494,0.0,0.0,-0.456,10,1.07747853807,0.0,0.0,2.0,3.09120616517,0.3,0.48304589154,0.0,0.0,0.0,0.0,0.0,0.0,0.0,0.0,0.0,0.0
4,touchback,medium,1.0,,0.0,,0.0,,0.0,,0.0,,0.0,,0.0,1,,0.0,,0.0,,0.0,,0.0,,0.0,,0.0,,0.0,,0.0,
4,touchback,really_long,0.5,0.547722557505,0.0,0.0,0.0,0.0,2.0,4.89897948557,0.166666666667,0.408248290464,0.0,0.0,-0.253333333333,6,0.876964461462,0.0,0.0,0.833333333333,2.04124145232,0.166666666667,0.408248290464,0.0,0.0,0.0,0.0,0.0,0.0,0.0,0.0,0.0,0.0
4,touchback,short,0.0,0.0,0.0,0.0,0.0,0.0,0.0,0.0,0.0,0.0,0.0,0.0,1.35,2,1.06066017178,13.5,10.6066017178,0.0,0.0,0.0,0.0,0.0,0.0,0.0,0.0,0.0,0.0,1.0,0.0,0.0,0.0
